{
  "total_requests": 82,
  "successful": 82,
  "failed": 0,
  "throughput_rps": 1.297396673141018,
  "latency_p50_ms": 3259.5054069999996,
  "latency_p95_ms": 4078.2250189999995,
  "latency_p99_ms": 4162.827599,
  "ttft_p50_ms": 3259.490474,
  "tokens_per_sec": 150.71952083343095,
  "avg_tok_per_req": 116.17073170731707,
  "itl_p50_ms": 25.5433989765625,
  "decode_tok_per_sec": 39.14905768482715,
  "timestamp": "2026-03-04T16:17:46.230053558+00:00",
  "runtime_name": "apr-gguf-gpu",
  "elapsed_secs": 63.203491806,
  "concurrency": 4,
  "ttft_p90_ms": 3943.238051,
  "ttft_p95_ms": 4078.208494,
  "ttft_p99_ms": 4162.8125660000005,
  "tpot_p50_ms": 0.0001153779527561505,
  "tpot_p90_ms": 0.0005640078740141374,
  "tpot_p95_ms": 0.0019815714285315827,
  "tpot_p99_ms": 0.0036019999999729415,
  "latency_min_ms": 811.992804,
  "latency_max_ms": 4907.751713,
  "latency_stddev_ms": 678.0816961117631,
  "error_rate": 0.0,
  "prompt_tokens_total": 10332,
  "completion_tokens_total": 9526
}