{
  "total_requests": 91,
  "successful": 91,
  "failed": 0,
  "throughput_rps": 1.442965235060556,
  "latency_p50_ms": 2728.348286,
  "latency_p95_ms": 3560.927882,
  "latency_p99_ms": 4057.3103,
  "ttft_p50_ms": 2728.336429,
  "tokens_per_sec": 143.3451178565651,
  "avg_tok_per_req": 99.34065934065934,
  "itl_p50_ms": 25.0860102109375,
  "decode_tok_per_sec": 39.86285549561006,
  "timestamp": "2026-03-04T16:20:14.868245270+00:00",
  "runtime_name": "apr-apr-gpu",
  "elapsed_secs": 63.064582423,
  "concurrency": 4,
  "ttft_p90_ms": 3536.693974,
  "ttft_p95_ms": 3560.910375,
  "ttft_p99_ms": 4057.2955779999998,
  "tpot_p50_ms": 0.00012113385826864719,
  "tpot_p90_ms": 0.003996333333293005,
  "tpot_p95_ms": 0.005513000000068047,
  "tpot_p99_ms": 0.006614999999987603,
  "latency_min_ms": 828.696799,
  "latency_max_ms": 4110.711526,
  "latency_stddev_ms": 593.7265852394213,
  "error_rate": 0.0,
  "prompt_tokens_total": 11193,
  "completion_tokens_total": 9040
}