{
  "total_requests": 86,
  "successful": 86,
  "failed": 0,
  "throughput_rps": 1.3894481911076302,
  "latency_p50_ms": 2643.694907,
  "latency_p95_ms": 4428.197301,
  "latency_p99_ms": 4469.49822,
  "ttft_p50_ms": 2643.680224,
  "tokens_per_sec": 167.07306679353493,
  "avg_tok_per_req": 120.24418604651163,
  "itl_p50_ms": 23.11381678125,
  "decode_tok_per_sec": 43.26416573532776,
  "timestamp": "2026-03-04T16:18:59.728567069+00:00",
  "runtime_name": "apr-safetensors-gpu",
  "elapsed_secs": 61.895075002,
  "concurrency": 4,
  "ttft_p90_ms": 4067.206444,
  "ttft_p95_ms": 4428.183179000001,
  "ttft_p99_ms": 4469.4846290000005,
  "tpot_p50_ms": 0.00011206299212469587,
  "tpot_p90_ms": 0.00018760629921132308,
  "tpot_p95_ms": 0.0004195555555649885,
  "tpot_p99_ms": 0.0029142499999856852,
  "latency_min_ms": 768.22504,
  "latency_max_ms": 4825.794225000001,
  "latency_stddev_ms": 926.2240436805049,
  "error_rate": 0.0,
  "prompt_tokens_total": 10578,
  "completion_tokens_total": 10341
}