{
  "total_requests": 448,
  "successful": 448,
  "failed": 0,
  "throughput_rps": 7.408116099297557,
  "latency_p50_ms": 537.829929,
  "latency_p95_ms": 565.4081749999999,
  "latency_p99_ms": 588.683855,
  "ttft_p50_ms": 537.826564,
  "tokens_per_sec": 948.2388607100874,
  "avg_tok_per_req": 128.0,
  "itl_p50_ms": 4.2017963203125,
  "decode_tok_per_sec": 237.99344941251866,
  "timestamp": "2026-03-04T16:16:31.624101947+00:00",
  "runtime_name": "llamacpp-gpu",
  "elapsed_secs": 60.474214226,
  "concurrency": 4,
  "ttft_p90_ms": 561.7759930000001,
  "ttft_p95_ms": 565.389537,
  "ttft_p99_ms": 588.668932,
  "tpot_p50_ms": 0.00011616535433053919,
  "tpot_p90_ms": 0.00015385826771597685,
  "tpot_p95_ms": 0.0002074015748032565,
  "tpot_p99_ms": 0.0002904330708669097,
  "latency_min_ms": 499.533911,
  "latency_max_ms": 610.734209,
  "latency_stddev_ms": 17.110579693850013,
  "error_rate": 0.0,
  "prompt_tokens_total": 64512,
  "completion_tokens_total": 57344
}