{
  "total_requests": 268,
  "successful": 268,
  "failed": 0,
  "throughput_rps": 4.4443203025647255,
  "latency_p50_ms": 899.513509,
  "latency_p95_ms": 938.725467,
  "latency_p99_ms": 947.241152,
  "ttft_p50_ms": 899.500089,
  "tokens_per_sec": 568.8729987282849,
  "avg_tok_per_req": 128.0,
  "itl_p50_ms": 7.0274492890625,
  "decode_tok_per_sec": 142.2991413906603,
  "timestamp": "2026-03-04T16:08:50.182552648+00:00",
  "runtime_name": "ollama-gpu",
  "elapsed_secs": 60.301684342,
  "concurrency": 4,
  "ttft_p90_ms": 929.4196860000001,
  "ttft_p95_ms": 938.7093619999999,
  "ttft_p99_ms": 947.2277220000001,
  "tpot_p50_ms": 0.00010882677165373979,
  "tpot_p90_ms": 0.00013208661417385764,
  "tpot_p95_ms": 0.0001543228346450847,
  "tpot_p99_ms": 0.0001831968503938722,
  "latency_min_ms": 825.0764350000001,
  "latency_max_ms": 947.417709,
  "latency_stddev_ms": 22.74015332594323,
  "error_rate": 0.0,
  "prompt_tokens_total": 38592,
  "completion_tokens_total": 34304
}