{
  "total_requests": 385,
  "successful": 385,
  "failed": 0,
  "throughput_rps": 12.833333333333334,
  "latency_p50_ms": 76.37453,
  "latency_p95_ms": 79.726832,
  "latency_p99_ms": 82.889837,
  "ttft_p50_ms": 76.363663,
  "tokens_per_sec": 12.833333333333334,
  "timestamp": "2026-03-03T09:21:49.923556435+00:00",
  "runtime_name": "apr-apr-gpu",
  "elapsed_secs": 30.0,
  "concurrency": 1
}