{
  "total_requests": 454,
  "successful": 454,
  "failed": 0,
  "throughput_rps": 15.133333333333333,
  "latency_p50_ms": 65.23628099999999,
  "latency_p95_ms": 68.78264300000001,
  "latency_p99_ms": 70.670296,
  "ttft_p50_ms": 65.226225,
  "tokens_per_sec": 15.133333333333333,
  "timestamp": "2026-03-03T09:19:35.139504830+00:00",
  "runtime_name": "apr-gguf-gpu",
  "elapsed_secs": 30.0,
  "concurrency": 1
}