{
  "total_requests": 25,
  "successful": 25,
  "failed": 0,
  "throughput_rps": 0.8333333333333334,
  "latency_p50_ms": 1201.800384,
  "latency_p95_ms": 1217.667753,
  "latency_p99_ms": 1283.359685,
  "ttft_p50_ms": 1201.7897870000002,
  "tokens_per_sec": 0.8333333333333334,
  "timestamp": "2026-03-03T09:23:51.353332352+00:00",
  "runtime_name": "apr-gguf-cpu",
  "elapsed_secs": 30.0,
  "concurrency": 1
}