{
  "total_requests": 9,
  "successful": 9,
  "failed": 0,
  "throughput_rps": 0.3,
  "latency_p50_ms": 3279.778762,
  "latency_p95_ms": 4195.666997,
  "latency_p99_ms": 4195.666997,
  "ttft_p50_ms": 3279.766804,
  "tokens_per_sec": 4.8,
  "timestamp": "2026-03-03T09:27:28.683420229+00:00",
  "runtime_name": "apr-safetensors-cpu",
  "elapsed_secs": 30.0,
  "concurrency": 1
}