{
  "total_requests": 392,
  "successful": 392,
  "failed": 0,
  "throughput_rps": 13.066666666666666,
  "latency_p50_ms": 75.577642,
  "latency_p95_ms": 79.16722,
  "latency_p99_ms": 80.058041,
  "ttft_p50_ms": 75.566956,
  "tokens_per_sec": 13.066666666666666,
  "timestamp": "2026-03-03T09:23:02.145735608+00:00",
  "runtime_name": "apr-safetensors-gpu",
  "elapsed_secs": 30.0,
  "concurrency": 1
}