{
  "total_requests": 17,
  "successful": 17,
  "failed": 0,
  "throughput_rps": 0.5666666666666667,
  "latency_p50_ms": 1848.088061,
  "latency_p95_ms": 1885.638059,
  "latency_p99_ms": 1887.764334,
  "ttft_p50_ms": 1848.0758019999998,
  "tokens_per_sec": 9.066666666666666,
  "timestamp": "2026-03-03T09:26:14.150459205+00:00",
  "runtime_name": "apr-apr-cpu",
  "elapsed_secs": 30.0,
  "concurrency": 1
}