{
  "total_requests": 4,
  "successful": 4,
  "failed": 0,
  "throughput_rps": 0.03218770209862508,
  "latency_p50_ms": 31072.429457,
  "latency_p95_ms": 31127.6115,
  "latency_p99_ms": 31127.6115,
  "ttft_p50_ms": 31072.417479,
  "tokens_per_sec": 1.0300064671560025,
  "avg_tok_per_req": 32.0,
  "itl_p50_ms": 971.01342053125,
  "decode_tok_per_sec": 1.0298518834609838,
  "timestamp": "2026-03-04T19:53:19.844913599+00:00",
  "runtime_name": "realizr-jetson-cpu",
  "elapsed_secs": 124.271064388,
  "concurrency": 1,
  "ttft_p90_ms": 31127.599572000003,
  "ttft_p95_ms": 31127.599572000003,
  "ttft_p99_ms": 31127.599572000003,
  "tpot_p50_ms": 0.0003847741935249272,
  "tpot_p90_ms": 0.0003863870967695822,
  "tpot_p95_ms": 0.0003863870967695822,
  "tpot_p99_ms": 0.0003863870967695822,
  "latency_min_ms": 31032.658026,
  "latency_max_ms": 31127.6115,
  "latency_stddev_ms": 43.60384594925761,
  "error_rate": 0.0,
  "prompt_tokens_total": 120,
  "completion_tokens_total": 128
}