{
  "total_requests": 18,
  "successful": 18,
  "failed": 0,
  "throughput_rps": 0.2433329719346627,
  "latency_p50_ms": 16435.055416,
  "latency_p95_ms": 24651.056252,
  "latency_p99_ms": 24660.505676,
  "ttft_p50_ms": 16435.044178999997,
  "tokens_per_sec": 7.786655101909206,
  "avg_tok_per_req": 32.0,
  "itl_p50_ms": 513.59548175,
  "decode_tok_per_sec": 1.9470576271283564,
  "timestamp": "2026-03-04T21:17:45.468403636+00:00",
  "runtime_name": "realizr-jetson-gpu",
  "elapsed_secs": 73.972712604,
  "concurrency": 4,
  "ttft_p90_ms": 20554.816158,
  "ttft_p95_ms": 24651.044033000002,
  "ttft_p99_ms": 24660.494099,
  "tpot_p50_ms": 0.00038929032258704045,
  "tpot_p90_ms": 0.00040383870968421505,
  "tpot_p95_ms": 0.00041125806456378657,
  "tpot_p99_ms": 0.0004829677418997342,
  "latency_min_ms": 4109.351958,
  "latency_max_ms": 24660.505676,
  "latency_stddev_ms": 5811.741067704672,
  "error_rate": 0.0,
  "prompt_tokens_total": 540,
  "completion_tokens_total": 576
}