{
  "total_requests": 15,
  "successful": 15,
  "failed": 0,
  "throughput_rps": 0.24327145895059657,
  "latency_p50_ms": 4110.287973,
  "latency_p95_ms": 4114.370983,
  "latency_p99_ms": 4116.130419,
  "ttft_p50_ms": 4110.276094999999,
  "tokens_per_sec": 7.78468668641909,
  "avg_tok_per_req": 32.0,
  "itl_p50_ms": 128.44649915625,
  "decode_tok_per_sec": 7.785342586749213,
  "timestamp": "2026-03-04T21:16:06.430217274+00:00",
  "runtime_name": "realizr-jetson-gpu",
  "elapsed_secs": 61.659514292,
  "concurrency": 1,
  "ttft_p90_ms": 4114.3596560000005,
  "ttft_p95_ms": 4114.3596560000005,
  "ttft_p99_ms": 4116.096297,
  "tpot_p50_ms": 0.0003931935484012863,
  "tpot_p90_ms": 0.000566354838725838,
  "tpot_p95_ms": 0.000566354838725838,
  "tpot_p99_ms": 0.0011007096774112175,
  "latency_min_ms": 4105.609834,
  "latency_max_ms": 4116.130419,
  "latency_stddev_ms": 2.681600628447293,
  "error_rate": 0.0,
  "prompt_tokens_total": 450,
  "completion_tokens_total": 480
}