{
  "total_requests": 65,
  "successful": 65,
  "failed": 0,
  "throughput_rps": 1.0188087439269475,
  "latency_p50_ms": 3907.458701,
  "latency_p95_ms": 3912.111359,
  "latency_p99_ms": 3912.554433,
  "ttft_p50_ms": 3907.447845,
  "tokens_per_sec": 32.60187980566232,
  "avg_tok_per_req": 32.0,
  "itl_p50_ms": 122.10808440625,
  "decode_tok_per_sec": 8.189465954383737,
  "timestamp": "2026-03-04T21:37:35.834185372+00:00",
  "runtime_name": "ollama-jetson-isolated-c4",
  "elapsed_secs": 63.800002098,
  "concurrency": 4,
  "ttft_p90_ms": 3910.90146,
  "ttft_p95_ms": 3912.100793,
  "ttft_p99_ms": 3912.540411,
  "tpot_p50_ms": 0.00038412903225285103,
  "tpot_p90_ms": 0.0004342258064513676,
  "tpot_p95_ms": 0.0004587741935593948,
  "tpot_p99_ms": 0.0006018709677456693,
  "latency_min_ms": 1278.6316669999999,
  "latency_max_ms": 4207.057699,
  "latency_stddev_ms": 392.5215448549195,
  "error_rate": 0.0,
  "prompt_tokens_total": 3120,
  "completion_tokens_total": 2080
}