{
  "total_requests": 128,
  "successful": 128,
  "failed": 0,
  "throughput_rps": 2.068273543431177,
  "latency_p50_ms": 1933.777642,
  "latency_p95_ms": 1942.596325,
  "latency_p99_ms": 1953.3958710000002,
  "ttft_p50_ms": 1933.774538,
  "tokens_per_sec": 66.18475338979766,
  "avg_tok_per_req": 32.0,
  "itl_p50_ms": 60.4305513125,
  "decode_tok_per_sec": 16.547921180278077,
  "timestamp": "2026-03-04T21:39:56.398573289+00:00",
  "runtime_name": "llamacpp-jetson-isolated-c4",
  "elapsed_secs": 61.887365144,
  "concurrency": 4,
  "ttft_p90_ms": 1941.0648400000002,
  "ttft_p95_ms": 1942.577427,
  "ttft_p99_ms": 1953.3826809999998,
  "tpot_p50_ms": 0.0002183870967720572,
  "tpot_p90_ms": 0.0004891290322593622,
  "tpot_p95_ms": 0.0005346774193572312,
  "tpot_p99_ms": 0.0012415806451551087,
  "latency_min_ms": 1903.800095,
  "latency_max_ms": 1953.536804,
  "latency_stddev_ms": 7.7399062532997185,
  "error_rate": 0.0,
  "prompt_tokens_total": 6144,
  "completion_tokens_total": 4096
}