{
  "total_requests": 3,
  "successful": 3,
  "failed": 0,
  "throughput_rps": 0.08782480841787828,
  "latency_p50_ms": 11388.813006999999,
  "latency_p95_ms": 11389.903857399999,
  "latency_p99_ms": 11390.00082188,
  "ttft_p50_ms": 11388.798625,
  "tokens_per_sec": 11.24157547748842,
  "avg_tok_per_req": 128.0,
  "itl_p50_ms": 88.97510161718749,
  "decode_tok_per_sec": 11.239099274114547,
  "prefill_tok_per_sec": 11.06350231914826,
  "timestamp": "2026-03-05T16:02:16.389571602+00:00",
  "runtime_name": "realizr-jetson-nostream-c1",
  "elapsed_secs": 34.158913114,
  "concurrency": 1,
  "ttft_p90_ms": 11389.7687986,
  "ttft_p95_ms": 11389.8900703,
  "ttft_p99_ms": 11389.98708766,
  "tpot_p50_ms": 88.97510161718749,
  "tpot_p90_ms": 88.9826769671875,
  "tpot_p95_ms": 88.98362388593749,
  "tpot_p99_ms": 88.9843814209375,
  "latency_min_ms": 11380.020532,
  "latency_max_ms": 11390.025063,
  "latency_stddev_ms": 5.459965459333171,
  "error_rate": 0.0,
  "prompt_tokens_total": 378,
  "completion_tokens_total": 384,
  "truncated_pct": 100.0,
  "sse_batch_ratio": 0.0,
  "goodput_pct": 0.0,
  "output_tokens_dist": [
    128.0,
    128.0,
    128.0,
    128.0
  ],
  "request_details": [
    {
      "latency_ms": 11390.025063,
      "ttft_ms": 11390.011342,
      "completion_tokens": 128,
      "prompt_tokens": 126,
      "itl_ms": 0.00010803937008022528,
      "finish_reason": "length"
    },
    {
      "latency_ms": 11380.020532,
      "ttft_ms": 11380.006691,
      "completion_tokens": 128,
      "prompt_tokens": 126,
      "itl_ms": 0.00010898425196424656,
      "finish_reason": "length"
    },
    {
      "latency_ms": 11388.813006999999,
      "ttft_ms": 11388.798625,
      "completion_tokens": 128,
      "prompt_tokens": 126,
      "itl_ms": 0.000113244094486716,
      "finish_reason": "length"
    }
  ]
}