{
  "total_requests": 18,
  "successful": 18,
  "failed": 0,
  "throughput_rps": 0.24341785077544778,
  "latency_p50_ms": 16428.334006,
  "latency_p95_ms": 24639.327010999998,
  "latency_p99_ms": 24653.441491999998,
  "ttft_p50_ms": 16428.321287,
  "tokens_per_sec": 7.789371224814329,
  "avg_tok_per_req": 32.0,
  "itl_p50_ms": 513.3854376875,
  "decode_tok_per_sec": 1.9478542369733214,
  "timestamp": "2026-03-04T21:35:09.528462434+00:00",
  "runtime_name": "realizr-jetson-isolated-c4",
  "elapsed_secs": 73.946918612,
  "concurrency": 4,
  "ttft_p90_ms": 20527.500168,
  "ttft_p95_ms": 24639.315894,
  "ttft_p99_ms": 24653.427992,
  "tpot_p50_ms": 0.00039574193550835857,
  "tpot_p90_ms": 0.00047232258064545637,
  "tpot_p95_ms": 0.0005786129031961199,
  "tpot_p99_ms": 0.0015294193548036842,
  "latency_min_ms": 4108.45753,
  "latency_max_ms": 24653.441491999998,
  "latency_stddev_ms": 5078.952520712382,
  "error_rate": 0.0,
  "prompt_tokens_total": 540,
  "completion_tokens_total": 576
}