{
  "total_requests": 5,
  "successful": 2,
  "failed": 3,
  "throughput_rps": 0.013075798002724303,
  "latency_p50_ms": 119792.822841,
  "latency_p95_ms": 119792.822841,
  "latency_p99_ms": 119792.822841,
  "ttft_p50_ms": 119792.797032,
  "tokens_per_sec": 0.4184255360871777,
  "avg_tok_per_req": 32.0,
  "itl_p50_ms": 3743.52571378125,
  "decode_tok_per_sec": 0.26712785658681176,
  "timestamp": "2026-03-04T19:58:03.874873333+00:00",
  "runtime_name": "realizr-jetson-cpu",
  "elapsed_secs": 152.95433591,
  "concurrency": 4,
  "ttft_p90_ms": 119792.797032,
  "ttft_p95_ms": 119792.797032,
  "ttft_p99_ms": 119792.797032,
  "tpot_p50_ms": 0.00083254838733454,
  "tpot_p90_ms": 0.00083254838733454,
  "tpot_p95_ms": 0.00083254838733454,
  "tpot_p99_ms": 0.00083254838733454,
  "latency_min_ms": 33161.449503,
  "latency_max_ms": 119792.822841,
  "latency_stddev_ms": 61257.63155080327,
  "error_rate": 0.6,
  "prompt_tokens_total": 60,
  "completion_tokens_total": 64
}