{
  "total_requests": 60,
  "successful": 60,
  "failed": 0,
  "throughput_rps": 0.9966038115183232,
  "latency_p50_ms": 1004.0829979999999,
  "latency_p95_ms": 1005.442771,
  "latency_p99_ms": 1005.8107359999999,
  "ttft_p50_ms": 1004.0711,
  "tokens_per_sec": 31.891321968586343,
  "avg_tok_per_req": 32.0,
  "itl_p50_ms": 31.377593687499996,
  "decode_tok_per_sec": 31.86987536263412,
  "timestamp": "2026-03-04T21:38:48.816308068+00:00",
  "runtime_name": "llamacpp-jetson-isolated-c1",
  "elapsed_secs": 60.204465713,
  "concurrency": 1,
  "ttft_p90_ms": 1005.2598340000001,
  "ttft_p95_ms": 1005.430161,
  "ttft_p99_ms": 1005.798798,
  "tpot_p50_ms": 0.0003938387096733625,
  "tpot_p90_ms": 0.00044132258064476194,
  "tpot_p95_ms": 0.00046293548386814573,
  "tpot_p99_ms": 0.0005043225806429384,
  "latency_min_ms": 996.692878,
  "latency_max_ms": 1005.9401990000001,
  "latency_stddev_ms": 1.8944700774580212,
  "error_rate": 0.0,
  "prompt_tokens_total": 2880,
  "completion_tokens_total": 1920
}