{
  "total_requests": 44,
  "successful": 44,
  "failed": 0,
  "throughput_rps": 0.731405008250776,
  "latency_p50_ms": 1370.537369,
  "latency_p95_ms": 1391.592697,
  "latency_p99_ms": 1393.68368,
  "ttft_p50_ms": 1370.523748,
  "tokens_per_sec": 23.404960264024833,
  "avg_tok_per_req": 32.0,
  "itl_p50_ms": 42.82929278125,
  "decode_tok_per_sec": 23.34850601216989,
  "timestamp": "2026-03-04T21:36:23.906315422+00:00",
  "runtime_name": "ollama-jetson-isolated-c1",
  "elapsed_secs": 60.158188013,
  "concurrency": 1,
  "ttft_p90_ms": 1388.561173,
  "ttft_p95_ms": 1391.5807390000002,
  "ttft_p99_ms": 1393.671742,
  "tpot_p50_ms": 0.000400612903223556,
  "tpot_p90_ms": 0.0004707096774222896,
  "tpot_p95_ms": 0.0005104516128995676,
  "tpot_p99_ms": 0.0011708064516171139,
  "latency_min_ms": 1322.125873,
  "latency_max_ms": 1393.68368,
  "latency_stddev_ms": 17.31265566760768,
  "error_rate": 0.0,
  "prompt_tokens_total": 2112,
  "completion_tokens_total": 1408
}