{
  "total_requests": 15,
  "successful": 15,
  "failed": 0,
  "throughput_rps": 0.24346378362325435,
  "latency_p50_ms": 4105.913377,
  "latency_p95_ms": 4114.353883,
  "latency_p99_ms": 4114.945081,
  "ttft_p50_ms": 4105.900828,
  "tokens_per_sec": 7.790841075944139,
  "avg_tok_per_req": 32.0,
  "itl_p50_ms": 128.30979303125,
  "decode_tok_per_sec": 7.793637386325211,
  "timestamp": "2026-03-04T21:33:35.030780501+00:00",
  "runtime_name": "realizr-jetson-isolated-c1",
  "elapsed_secs": 61.610806243,
  "concurrency": 1,
  "ttft_p90_ms": 4114.342555,
  "ttft_p95_ms": 4114.342555,
  "ttft_p99_ms": 4114.933934,
  "tpot_p50_ms": 0.00037667741934907067,
  "tpot_p90_ms": 0.0004900967742032901,
  "tpot_p95_ms": 0.0004900967742032901,
  "tpot_p99_ms": 0.0008112258064436391,
  "latency_min_ms": 4102.6157379999995,
  "latency_max_ms": 4114.945081,
  "latency_stddev_ms": 4.299034514444043,
  "error_rate": 0.0,
  "prompt_tokens_total": 450,
  "completion_tokens_total": 480
}