{
  "total_requests": 24,
  "successful": 24,
  "failed": 0,
  "throughput_rps": 0.3886289691590728,
  "latency_p50_ms": 2572.960894,
  "latency_p95_ms": 2578.620618,
  "latency_p99_ms": 2580.2037320000004,
  "ttft_p50_ms": 2572.9473340000004,
  "tokens_per_sec": 12.43612701309033,
  "avg_tok_per_req": 32.0,
  "itl_p50_ms": 80.4050279375,
  "decode_tok_per_sec": 12.437033176299803,
  "timestamp": "2026-03-05T14:53:13.785777450+00:00",
  "runtime_name": "realizr-jetson-dp4a-q6k-c1",
  "elapsed_secs": 61.755560971,
  "concurrency": 1,
  "ttft_p90_ms": 2578.048489,
  "ttft_p95_ms": 2578.60874,
  "ttft_p99_ms": 2580.189631,
  "tpot_p50_ms": 0.00042161290322772333,
  "tpot_p90_ms": 0.00045229032258521694,
  "tpot_p95_ms": 0.00045487096774514895,
  "tpot_p99_ms": 0.0004632903225785317,
  "latency_min_ms": 2566.654777,
  "latency_max_ms": 2580.2037320000004,
  "latency_stddev_ms": 3.936065674800842,
  "error_rate": 0.0,
  "prompt_tokens_total": 720,
  "completion_tokens_total": 768
}