{
  "total_requests": 8,
  "successful": 8,
  "failed": 0,
  "throughput_rps": 0.2430036375583872,
  "latency_p50_ms": 4116.135032,
  "latency_p95_ms": 4117.735957,
  "latency_p99_ms": 4117.735957,
  "ttft_p50_ms": 4116.1240450000005,
  "tokens_per_sec": 7.77611640186839,
  "avg_tok_per_req": 32.0,
  "itl_p50_ms": 128.62921975,
  "decode_tok_per_sec": 7.774283338914524,
  "timestamp": "2026-03-05T09:23:38.666401228+00:00",
  "runtime_name": "realizr-jetson-baseline",
  "elapsed_secs": 32.921317888,
  "concurrency": 1,
  "ttft_p90_ms": 4117.582471000001,
  "ttft_p95_ms": 4117.72443,
  "ttft_p99_ms": 4117.72443,
  "tpot_p50_ms": 0.0003792903225905133,
  "tpot_p90_ms": 0.0003986774193643511,
  "tpot_p95_ms": 0.0004031935483691625,
  "tpot_p99_ms": 0.0004031935483691625,
  "latency_min_ms": 4112.296545,
  "latency_max_ms": 4117.735957,
  "latency_stddev_ms": 2.2283121533459553,
  "error_rate": 0.0,
  "prompt_tokens_total": 240,
  "completion_tokens_total": 256
}