{
  "total_requests": 9,
  "successful": 9,
  "failed": 0,
  "throughput_rps": 0.07413062825166067,
  "latency_p50_ms": 13493.364825,
  "latency_p95_ms": 13509.263097,
  "latency_p99_ms": 13509.263097,
  "ttft_p50_ms": 13493.350293000001,
  "tokens_per_sec": 9.488720416212566,
  "avg_tok_per_req": 128.0,
  "itl_p50_ms": 105.4169126953125,
  "decode_tok_per_sec": 9.486143868492046,
  "timestamp": "2026-03-05T11:38:30.526314857+00:00",
  "runtime_name": "unknown",
  "elapsed_secs": 121.407307779,
  "concurrency": 1,
  "ttft_p90_ms": 13500.387818,
  "ttft_p95_ms": 13509.249526,
  "ttft_p99_ms": 13509.249526,
  "tpot_p50_ms": 0.00011025196850666153,
  "tpot_p90_ms": 0.00011379527559272196,
  "tpot_p95_ms": 0.00011442519684873615,
  "tpot_p99_ms": 0.00011442519684873615,
  "latency_min_ms": 13474.447312,
  "latency_max_ms": 13509.263097,
  "latency_stddev_ms": 11.799962756131311,
  "error_rate": 0.0,
  "prompt_tokens_total": 1134,
  "completion_tokens_total": 1152
}