{
  "total_requests": 5,
  "successful": 5,
  "failed": 0,
  "throughput_rps": 0.0741751437029187,
  "latency_p50_ms": 13473.586212,
  "latency_p95_ms": 13512.120499999999,
  "latency_p99_ms": 13512.120499999999,
  "ttft_p50_ms": 13473.572741,
  "tokens_per_sec": 9.494418393973593,
  "avg_tok_per_req": 128.0,
  "itl_p50_ms": 105.26239228125,
  "decode_tok_per_sec": 9.500069097119754,
  "timestamp": "2026-03-05T11:47:44.816367695+00:00",
  "runtime_name": "unknown",
  "elapsed_secs": 67.408025794,
  "concurrency": 1,
  "ttft_p90_ms": 13512.107871,
  "ttft_p95_ms": 13512.107871,
  "ttft_p99_ms": 13512.107871,
  "tpot_p50_ms": 0.00010165354331171441,
  "tpot_p90_ms": 0.0001687559055016626,
  "tpot_p95_ms": 0.0001687559055016626,
  "tpot_p99_ms": 0.0001687559055016626,
  "latency_min_ms": 13472.274288999999,
  "latency_max_ms": 13512.120499999999,
  "latency_stddev_ms": 17.15064721422119,
  "error_rate": 0.0,
  "prompt_tokens_total": 630,
  "completion_tokens_total": 640
}