{
  "total_requests": 440,
  "successful": 440,
  "failed": 0,
  "throughput_rps": 7.2774501662335656,
  "latency_p50_ms": 548.214958,
  "latency_p95_ms": 576.41343,
  "latency_p99_ms": 586.94725,
  "ttft_p50_ms": 548.210882,
  "tokens_per_sec": 931.5136212778964,
  "avg_tok_per_req": 128.0,
  "itl_p50_ms": 4.282929359375,
  "decode_tok_per_sec": 233.485055692333,
  "timestamp": "2026-03-04T17:38:44.787375754+00:00",
  "runtime_name": "llamacpp-gpu",
  "elapsed_secs": 60.460736927,
  "concurrency": 4,
  "ttft_p90_ms": 569.0960160000001,
  "ttft_p95_ms": 576.395302,
  "ttft_p99_ms": 586.937004,
  "tpot_p50_ms": 0.00011442519685048454,
  "tpot_p90_ms": 0.00015054330708714477,
  "tpot_p95_ms": 0.0002011732283461266,
  "tpot_p99_ms": 0.00034437795275559776,
  "latency_min_ms": 514.760474,
  "latency_max_ms": 593.775433,
  "latency_stddev_ms": 15.525209341815065,
  "error_rate": 0.0,
  "prompt_tokens_total": 63360,
  "completion_tokens_total": 56320
}