{
  "total_requests": 16,
  "successful": 16,
  "failed": 0,
  "throughput_rps": 0.25091110893627355,
  "latency_p50_ms": 3986.398446,
  "latency_p95_ms": 3990.19332,
  "latency_p99_ms": 3991.617276,
  "ttft_p50_ms": 3986.383553,
  "tokens_per_sec": 32.116621943843015,
  "avg_tok_per_req": 128.0,
  "itl_p50_ms": 31.143737859375,
  "decode_tok_per_sec": 32.10918369899445,
  "timestamp": "2026-03-04T18:30:59.315126328+00:00",
  "runtime_name": "llamacpp-jetson",
  "elapsed_secs": 63.767603068,
  "concurrency": 1,
  "ttft_p90_ms": 3990.1793190000003,
  "ttft_p95_ms": 3990.1793190000003,
  "ttft_p99_ms": 3991.602473,
  "tpot_p50_ms": 0.00011142519684878538,
  "tpot_p90_ms": 0.00011774015748019077,
  "tpot_p95_ms": 0.00011774015748019077,
  "tpot_p99_ms": 0.0001197874015727272,
  "latency_min_ms": 3979.0385189999997,
  "latency_max_ms": 3991.617276,
  "latency_stddev_ms": 3.4952713689513852,
  "error_rate": 0.0,
  "prompt_tokens_total": 2304,
  "completion_tokens_total": 2048
}