{
  "total_requests": 2401,
  "successful": 2401,
  "failed": 0,
  "throughput_rps": 80.03333333333333,
  "latency_p50_ms": 6.185213,
  "latency_p95_ms": 39.594298,
  "latency_p99_ms": 42.41301,
  "ttft_p50_ms": 6.1644630000000005,
  "tokens_per_sec": 160.06666666666666,
  "timestamp": "2026-03-02T11:20:25.182265194+00:00",
  "runtime_name": "llamacpp-gpu-c1",
  "elapsed_secs": 30.0,
  "concurrency": 1
}