{
  "total_requests": 5008,
  "successful": 5008,
  "failed": 0,
  "throughput_rps": 166.93333333333334,
  "latency_p50_ms": 5.706747,
  "latency_p95_ms": 7.45727,
  "latency_p99_ms": 9.779639,
  "ttft_p50_ms": 5.691985,
  "tokens_per_sec": 333.8666666666667,
  "timestamp": "2026-03-03T09:21:00.756240360+00:00",
  "runtime_name": "llamacpp-gpu",
  "elapsed_secs": 30.0,
  "concurrency": 1
}