{
  "total_requests": 19692,
  "successful": 19692,
  "failed": 0,
  "throughput_rps": 328.2,
  "latency_p50_ms": 11.438019,
  "latency_p95_ms": 15.583585000000001,
  "latency_p99_ms": 18.502926,
  "ttft_p50_ms": 11.421183,
  "tokens_per_sec": 656.4,
  "timestamp": "2026-03-02T08:24:22.937997501+00:00",
  "runtime_name": "llamacpp-gpu",
  "elapsed_secs": 60.0,
  "concurrency": 4
}