{
  "total_requests": 36,
  "successful": 36,
  "failed": 0,
  "throughput_rps": 0.5350378820657177,
  "latency_p50_ms": 7484.217551999999,
  "latency_p95_ms": 7505.394651,
  "latency_p99_ms": 7507.401578,
  "ttft_p50_ms": 7484.211703,
  "tokens_per_sec": 68.48484890441186,
  "avg_tok_per_req": 128.0,
  "itl_p50_ms": 58.47044962499999,
  "decode_tok_per_sec": 17.10265623769778,
  "timestamp": "2026-03-04T18:32:24.654454753+00:00",
  "runtime_name": "llamacpp-jetson-c4",
  "elapsed_secs": 67.28495534,
  "concurrency": 4,
  "ttft_p90_ms": 7505.299577,
  "ttft_p95_ms": 7505.38073,
  "ttft_p99_ms": 7507.397893,
  "tpot_p50_ms": 0.00004905511811282699,
  "tpot_p90_ms": 0.0001219999999956667,
  "tpot_p95_ms": 0.00012996062992519364,
  "tpot_p99_ms": 0.0037154645669264207,
  "latency_min_ms": 7347.117967,
  "latency_max_ms": 7507.401578,
  "latency_stddev_ms": 46.597731608891394,
  "error_rate": 0.0,
  "prompt_tokens_total": 5184,
  "completion_tokens_total": 4608
}