{
  "total_requests": 5853,
  "successful": 5853,
  "failed": 0,
  "throughput_rps": 97.55,
  "latency_p50_ms": 33.123517,
  "latency_p95_ms": 91.258506,
  "latency_p99_ms": 95.145499,
  "ttft_p50_ms": 33.091389,
  "tokens_per_sec": 195.1,
  "timestamp": "2026-03-02T10:30:28.377972581+00:00",
  "runtime_name": "llamacpp-gpu",
  "elapsed_secs": 60.0,
  "concurrency": 4
}