{
  "total_requests": 23,
  "successful": 23,
  "failed": 0,
  "throughput_rps": 0.7666666666666667,
  "latency_p50_ms": 546.936547,
  "latency_p95_ms": 6458.913326,
  "latency_p99_ms": 6471.7644,
  "ttft_p50_ms": 546.879331,
  "tokens_per_sec": 1.5333333333333334,
  "timestamp": "2026-03-03T09:25:17.321923881+00:00",
  "runtime_name": "llamacpp-cpu",
  "elapsed_secs": 30.0,
  "concurrency": 1
}