{
  "total_requests": 9660,
  "successful": 9660,
  "failed": 0,
  "throughput_rps": 161.0,
  "latency_p50_ms": 11.645534000000001,
  "latency_p95_ms": 67.84755000000001,
  "latency_p99_ms": 70.745216,
  "ttft_p50_ms": 11.627647,
  "tokens_per_sec": 322.0,
  "timestamp": "2026-03-02T10:34:19.683897474+00:00",
  "runtime_name": "llamacpp-gpu",
  "elapsed_secs": 60.0,
  "concurrency": 4
}