{
  "total_requests": 1188,
  "successful": 1188,
  "failed": 0,
  "throughput_rps": 39.6,
  "latency_p50_ms": 23.776732,
  "latency_p95_ms": 26.274527,
  "latency_p99_ms": 28.100495,
  "ttft_p50_ms": 23.766858,
  "tokens_per_sec": 79.2,
  "timestamp": "2026-03-03T09:20:17.327282669+00:00",
  "runtime_name": "ollama-gpu",
  "elapsed_secs": 30.0,
  "concurrency": 1
}