{
  "total_requests": 264,
  "successful": 264,
  "failed": 0,
  "throughput_rps": 4.387482212194206,
  "latency_p50_ms": 914.65924,
  "latency_p95_ms": 951.545616,
  "latency_p99_ms": 957.843757,
  "ttft_p50_ms": 914.643927,
  "tokens_per_sec": 561.5977231608583,
  "avg_tok_per_req": 128.0,
  "itl_p50_ms": 7.1457753125,
  "decode_tok_per_sec": 139.9428272325768,
  "timestamp": "2026-03-04T17:37:44.320513207+00:00",
  "runtime_name": "ollama-gpu",
  "elapsed_secs": 60.171184117,
  "concurrency": 4,
  "ttft_p90_ms": 941.093082,
  "ttft_p95_ms": 951.531395,
  "ttft_p99_ms": 957.83264,
  "tpot_p50_ms": 0.00010551181102315934,
  "tpot_p90_ms": 0.00012956692913319124,
  "tpot_p95_ms": 0.00013989763779529026,
  "tpot_p99_ms": 0.00019793700787342213,
  "latency_min_ms": 840.274003,
  "latency_max_ms": 960.364884,
  "latency_stddev_ms": 25.996874855002254,
  "error_rate": 0.0,
  "prompt_tokens_total": 38016,
  "completion_tokens_total": 33792
}