{
  "total_requests": 9,
  "successful": 9,
  "failed": 0,
  "throughput_rps": 0.09602409998931635,
  "latency_p50_ms": 41578.921502,
  "latency_p95_ms": 42946.302457,
  "latency_p99_ms": 42946.302457,
  "ttft_p50_ms": 41578.905838,
  "tokens_per_sec": 12.291084798632493,
  "avg_tok_per_req": 128.0,
  "itl_p50_ms": 324.835324234375,
  "decode_tok_per_sec": 3.078482927794148,
  "timestamp": "2026-03-04T18:34:48.665391201+00:00",
  "runtime_name": "ollama-jetson-c4",
  "elapsed_secs": 93.726470761,
  "concurrency": 4,
  "ttft_p90_ms": 42636.482295,
  "ttft_p95_ms": 42946.289287,
  "ttft_p99_ms": 42946.289287,
  "tpot_p50_ms": 0.00011079527561025502,
  "tpot_p90_ms": 0.00011221259842229989,
  "tpot_p95_ms": 0.0001233385826996645,
  "tpot_p99_ms": 0.0001233385826996645,
  "latency_min_ms": 10147.481515000001,
  "latency_max_ms": 42946.302457,
  "latency_stddev_ms": 11982.341631135328,
  "error_rate": 0.0,
  "prompt_tokens_total": 1296,
  "completion_tokens_total": 1152
}