{
  "total_requests": 622,
  "successful": 622,
  "failed": 0,
  "throughput_rps": 20.733333333333334,
  "latency_p50_ms": 45.526104999999994,
  "latency_p95_ms": 49.915184,
  "latency_p99_ms": 52.794536,
  "ttft_p50_ms": 45.51597,
  "tokens_per_sec": 41.46666666666667,
  "timestamp": "2026-03-03T09:24:34.064426781+00:00",
  "runtime_name": "ollama-cpu",
  "elapsed_secs": 30.0,
  "concurrency": 1
}