{
  "total_requests": 5514,
  "successful": 5514,
  "failed": 0,
  "throughput_rps": 91.9,
  "latency_p50_ms": 35.040603,
  "latency_p95_ms": 75.37194,
  "latency_p99_ms": 85.598887,
  "ttft_p50_ms": 35.02538,
  "tokens_per_sec": 183.8,
  "timestamp": "2026-03-02T10:33:15.621021798+00:00",
  "runtime_name": "ollama-gpu",
  "elapsed_secs": 60.0,
  "concurrency": 4
}