{
  "total_requests": 6,
  "successful": 6,
  "failed": 0,
  "throughput_rps": 0.08863510264671562,
  "latency_p50_ms": 11313.27014,
  "latency_p95_ms": 11600.479963,
  "latency_p99_ms": 11600.479963,
  "ttft_p50_ms": 11313.255628,
  "tokens_per_sec": 11.3452931387796,
  "avg_tok_per_req": 128.0,
  "itl_p50_ms": 88.38492296875,
  "decode_tok_per_sec": 11.31414687495476,
  "timestamp": "2026-03-04T18:29:43.913467632+00:00",
  "runtime_name": "ollama-jetson",
  "elapsed_secs": 67.693270734,
  "concurrency": 1,
  "ttft_p90_ms": 11600.465431,
  "ttft_p95_ms": 11600.465431,
  "ttft_p99_ms": 11600.465431,
  "tpot_p50_ms": 0.00011442519684873615,
  "tpot_p90_ms": 0.00019194488189603945,
  "tpot_p95_ms": 0.00019194488189603945,
  "tpot_p99_ms": 0.00019194488189603945,
  "latency_min_ms": 10955.902699999999,
  "latency_max_ms": 11600.479963,
  "latency_stddev_ms": 217.73017096996696,
  "error_rate": 0.0,
  "prompt_tokens_total": 864,
  "completion_tokens_total": 768
}