{
  "total_requests": 7216,
  "successful": 7216,
  "failed": 0,
  "throughput_rps": 120.26666666666667,
  "latency_p50_ms": 30.828158000000002,
  "latency_p95_ms": 48.756579,
  "latency_p99_ms": 71.981723,
  "ttft_p50_ms": 30.819529,
  "tokens_per_sec": 240.53333333333333,
  "timestamp": "2026-03-02T08:23:18.941220650+00:00",
  "runtime_name": "ollama-gpu",
  "elapsed_secs": 60.0,
  "concurrency": 4
}