{
  "total_requests": 267,
  "successful": 267,
  "failed": 0,
  "throughput_rps": 4.45,
  "latency_p50_ms": 743.562136,
  "latency_p95_ms": 1647.5731219999998,
  "latency_p99_ms": 2154.131952,
  "ttft_p50_ms": 743.555787,
  "tokens_per_sec": 4.45,
  "timestamp": "2026-03-02T10:30:19.472878514+00:00",
  "runtime_name": "realizar-gpu",
  "elapsed_secs": 60.0,
  "concurrency": 4
}