{
  "total_requests": 254,
  "successful": 254,
  "failed": 0,
  "throughput_rps": 8.466666666666667,
  "latency_p50_ms": 381.052768,
  "latency_p95_ms": 953.341929,
  "latency_p99_ms": 1202.530599,
  "ttft_p50_ms": 381.04128,
  "tokens_per_sec": 8.466666666666667,
  "timestamp": "2026-03-02T13:01:37.097632708+00:00",
  "runtime_name": "realizar-default-batched-c4",
  "elapsed_secs": 30.0,
  "concurrency": 4
}