{
  "total_requests": 335,
  "successful": 335,
  "failed": 0,
  "throughput_rps": 11.166666666666666,
  "latency_p50_ms": 361.485206,
  "latency_p95_ms": 541.55736,
  "latency_p99_ms": 713.767657,
  "ttft_p50_ms": 361.4745,
  "tokens_per_sec": 11.166666666666666,
  "timestamp": "2026-03-02T12:18:24.057825404+00:00",
  "runtime_name": "realizar-graph-opt",
  "elapsed_secs": 30.0,
  "concurrency": 4
}