{
  "total_requests": 323,
  "successful": 323,
  "failed": 0,
  "throughput_rps": 10.766666666666667,
  "latency_p50_ms": 92.89608700000001,
  "latency_p95_ms": 98.745312,
  "latency_p99_ms": 102.118892,
  "ttft_p50_ms": 92.88344699999999,
  "tokens_per_sec": 10.766666666666667,
  "timestamp": "2026-03-02T13:01:06.628831011+00:00",
  "runtime_name": "realizar-default-batched-c1",
  "elapsed_secs": 30.0,
  "concurrency": 1
}