{
  "total_requests": 13,
  "successful": 13,
  "failed": 0,
  "throughput_rps": 0.43333333333333335,
  "latency_p50_ms": 12807.205424,
  "latency_p95_ms": 12950.424355,
  "latency_p99_ms": 12963.358275,
  "ttft_p50_ms": 12807.190951999999,
  "tokens_per_sec": 6.933333333333334,
  "timestamp": "2026-03-01T17:34:29.580991467+00:00",
  "runtime_name": "realizar-apr",
  "elapsed_secs": 30.0,
  "concurrency": 4
}