{
  "total_requests": 337,
  "successful": 337,
  "failed": 0,
  "throughput_rps": 11.233333333333333,
  "latency_p50_ms": 88.109482,
  "latency_p95_ms": 95.568098,
  "latency_p99_ms": 96.694616,
  "ttft_p50_ms": 88.09385,
  "tokens_per_sec": 11.233333333333333,
  "timestamp": "2026-03-02T12:17:48.992432547+00:00",
  "runtime_name": "realizar-graph-opt",
  "elapsed_secs": 30.0,
  "concurrency": 1
}