{
  "total_requests": 318,
  "successful": 318,
  "failed": 0,
  "throughput_rps": 10.6,
  "latency_p50_ms": 94.339352,
  "latency_p95_ms": 99.78535199999999,
  "latency_p99_ms": 100.96427600000001,
  "ttft_p50_ms": 94.327904,
  "tokens_per_sec": 10.6,
  "timestamp": "2026-03-02T11:50:34.433525916+00:00",
  "runtime_name": "realizar-gpu-optimized-c1",
  "elapsed_secs": 30.0,
  "concurrency": 1
}