{
  "total_requests": 45,
  "successful": 45,
  "failed": 0,
  "throughput_rps": 1.5,
  "latency_p50_ms": 2510.661601,
  "latency_p95_ms": 3839.352178,
  "latency_p99_ms": 3876.4852,
  "ttft_p50_ms": 2510.646097,
  "tokens_per_sec": 1.5,
  "timestamp": "2026-03-01T17:35:40.892467306+00:00",
  "runtime_name": "realizar-gguf-2",
  "elapsed_secs": 30.0,
  "concurrency": 4
}