{
  "total_requests": 184,
  "successful": 184,
  "failed": 0,
  "throughput_rps": 6.133333333333334,
  "latency_p50_ms": 100.849058,
  "latency_p95_ms": 338.399424,
  "latency_p99_ms": 350.30974799999996,
  "ttft_p50_ms": 100.836569,
  "tokens_per_sec": 6.133333333333334,
  "timestamp": "2026-03-02T11:19:49.392577371+00:00",
  "runtime_name": "realizar-gpu-c1",
  "elapsed_secs": 30.0,
  "concurrency": 1
}