{
  "total_requests": 4747,
  "successful": 4747,
  "failed": 0,
  "throughput_rps": 158.23333333333332,
  "latency_p50_ms": 5.9399869999999995,
  "latency_p95_ms": 8.53548,
  "latency_p99_ms": 10.743246999999998,
  "ttft_p50_ms": 5.925977,
  "tokens_per_sec": 316.46666666666664,
  "timestamp": "2026-03-02T12:54:24.389716883+00:00",
  "runtime_name": "realizar-batched-prefill-c1",
  "elapsed_secs": 30.0,
  "concurrency": 1
}