{
  "total_requests": 45,
  "successful": 45,
  "failed": 0,
  "throughput_rps": 1.5,
  "latency_p50_ms": 2585.9619199999997,
  "latency_p95_ms": 4155.614811,
  "latency_p99_ms": 4179.113436,
  "ttft_p50_ms": 2585.95505,
  "tokens_per_sec": 1.5,
  "timestamp": "2026-03-01T17:35:06.040248170+00:00",
  "runtime_name": "realizar-gguf-1",
  "elapsed_secs": 30.0,
  "concurrency": 4
}