{
  "total_requests": 457,
  "successful": 457,
  "failed": 0,
  "throughput_rps": 15.233333333333333,
  "latency_p50_ms": 65.663844,
  "latency_p95_ms": 69.115115,
  "latency_p99_ms": 71.436515,
  "ttft_p50_ms": 65.65094500000001,
  "tokens_per_sec": 15.233333333333333,
  "timestamp": "2026-03-02T13:09:42.155191271+00:00",
  "runtime_name": "realizar-batched-no-flash-c1",
  "elapsed_secs": 30.0,
  "concurrency": 1
}