{
  "total_requests": 329,
  "successful": 329,
  "failed": 0,
  "throughput_rps": 10.966666666666667,
  "latency_p50_ms": 90.85330599999999,
  "latency_p95_ms": 97.39554,
  "latency_p99_ms": 99.368693,
  "ttft_p50_ms": 90.84001599999999,
  "tokens_per_sec": 10.966666666666667,
  "timestamp": "2026-03-02T12:18:59.071205245+00:00",
  "runtime_name": "realizar-graph-warm",
  "elapsed_secs": 30.0,
  "concurrency": 1
}