{
  "total_requests": 339,
  "successful": 339,
  "failed": 0,
  "throughput_rps": 11.3,
  "latency_p50_ms": 88.11696500000001,
  "latency_p95_ms": 93.857961,
  "latency_p99_ms": 95.489457,
  "ttft_p50_ms": 88.10417500000001,
  "tokens_per_sec": 11.3,
  "timestamp": "2026-03-02T12:25:15.740698722+00:00",
  "runtime_name": "realizar-dp4a",
  "elapsed_secs": 30.0,
  "concurrency": 1
}