{
  "total_requests": 9880,
  "successful": 9880,
  "failed": 0,
  "throughput_rps": 329.3333333333333,
  "latency_p50_ms": 11.66413,
  "latency_p95_ms": 15.733382,
  "latency_p99_ms": 17.51227,
  "ttft_p50_ms": 11.648757,
  "tokens_per_sec": 658.6666666666666,
  "timestamp": "2026-03-02T12:54:54.437867478+00:00",
  "runtime_name": "realizar-batched-prefill-c4",
  "elapsed_secs": 30.0,
  "concurrency": 4
}