{
  "total_requests": 609,
  "successful": 609,
  "failed": 0,
  "throughput_rps": 10.15,
  "latency_p50_ms": 392.600868,
  "latency_p95_ms": 599.630264,
  "latency_p99_ms": 705.168455,
  "ttft_p50_ms": 392.58892000000003,
  "tokens_per_sec": 10.15,
  "timestamp": "2026-03-02T08:22:12.860089719+00:00",
  "runtime_name": "realizar-gpu",
  "elapsed_secs": 60.0,
  "concurrency": 4
}