{
  "total_requests": 323,
  "successful": 323,
  "failed": 0,
  "throughput_rps": 10.766666666666667,
  "latency_p50_ms": 373.696923,
  "latency_p95_ms": 559.873421,
  "latency_p99_ms": 572.1486500000001,
  "ttft_p50_ms": 373.686417,
  "tokens_per_sec": 10.766666666666667,
  "timestamp": "2026-03-02T11:51:09.916342453+00:00",
  "runtime_name": "realizar-gpu-optimized-c4",
  "elapsed_secs": 30.0,
  "concurrency": 4
}