{
  "total_requests": 78,
  "successful": 78,
  "failed": 0,
  "throughput_rps": 1.2424922824369595,
  "latency_p50_ms": 2529.4605570000003,
  "latency_p95_ms": 5013.343739,
  "latency_p99_ms": 5794.295656,
  "ttft_p50_ms": 2529.4453839999996,
  "tokens_per_sec": 151.40883518670898,
  "avg_tok_per_req": 121.85897435897436,
  "itl_p50_ms": 24.531933046875,
  "decode_tok_per_sec": 40.763196201833146,
  "timestamp": "2026-03-04T17:36:44.142598234+00:00",
  "runtime_name": "realizar-gpu",
  "elapsed_secs": 62.777049888,
  "concurrency": 4,
  "ttft_p90_ms": 4963.8008070000005,
  "ttft_p95_ms": 5013.327695,
  "ttft_p99_ms": 5794.281875000001,
  "tpot_p50_ms": 0.00011466141732323824,
  "tpot_p90_ms": 0.00013453543306867665,
  "tpot_p95_ms": 0.0001956535433090062,
  "tpot_p99_ms": 0.0021632857143088252,
  "latency_min_ms": 836.467713,
  "latency_max_ms": 5858.941004,
  "latency_stddev_ms": 1092.81357488136,
  "error_rate": 0.0,
  "prompt_tokens_total": 9828,
  "completion_tokens_total": 9505
}