{
  "total_requests": 441,
  "successful": 441,
  "failed": 0,
  "throughput_rps": 14.7,
  "latency_p50_ms": 267.22866899999997,
  "latency_p95_ms": 400.629376,
  "latency_p99_ms": 482.19608200000005,
  "ttft_p50_ms": 267.21515800000003,
  "tokens_per_sec": 14.7,
  "timestamp": "2026-03-02T13:13:43.753846719+00:00",
  "runtime_name": "realizar-fixed-c4",
  "elapsed_secs": 30.0,
  "concurrency": 4
}