{
  "total_requests": 429,
  "successful": 429,
  "failed": 0,
  "throughput_rps": 14.3,
  "latency_p50_ms": 67.16241600000001,
  "latency_p95_ms": 85.59382699999999,
  "latency_p99_ms": 90.677837,
  "ttft_p50_ms": 67.15155,
  "tokens_per_sec": 14.733333333333333,
  "timestamp": "2026-03-02T13:13:13.429913163+00:00",
  "runtime_name": "realizar-fixed-c1",
  "elapsed_secs": 30.0,
  "concurrency": 1
}