{
  "total_requests": 306,
  "successful": 306,
  "failed": 0,
  "throughput_rps": 5.1,
  "latency_p50_ms": 608.555945,
  "latency_p95_ms": 1611.812481,
  "latency_p99_ms": 1664.849646,
  "ttft_p50_ms": 608.53928,
  "tokens_per_sec": 5.1,
  "timestamp": "2026-03-02T10:32:10.867617820+00:00",
  "runtime_name": "realizar-gpu",
  "elapsed_secs": 60.0,
  "concurrency": 4
}